year,driver,driver_code,nationality
1950,Nino Farina,FAR,ITA
1950,Juan Manuel Fangio,FAN,ARG
1950,Luigi Fagioli,FAG,ITA
1950,Louis  Rosier,ROS,FRA
1950,Alberto Ascari,ASC,ITA
1950,Johnnie  Parsons,PAR,USA
1950,Bill Holland,HOL,USA
1950,Prince Bira,BIR,THA
1950,Reg  Parnell,PAR,GBR
1950,Louis  Chiron,CHI,MON
1950,Mauri  Rose,ROS,USA
1950,Peter  Whitehead,WHI,GBR
1950,Yves Giraud-Cabantous,GIR,FRA
1950,Raymond  Sommer,SOM,FRA
1950,Cecil  Green,GRE,USA
1950,Robert  Manzon,MAN,FRA
1950,Dorino  Serafini,SER,ITA
1950,Philippe  Etancelin,ETA,FRA
1950,Felice  Bonetto,BON,ITA
1950,Tony  Bettenhausen,BET,USA
1950,Joie  Chitwood,CHI,USA
1950,Eugene  Chaboud,CHA,FRA
1951,Juan Manuel Fangio,FAN,ARG
1951,Alberto Ascari,ASC,ITA
1951,Jose Froilan Gonzalez,GON,ARG
1951,Nino Farina,FAR,ITA
1951,Luigi  Villoresi,VIL,ITA
1951,Piero  Taruffi,TAR,ITA
1951,Lee Wallard,WAL,USA
1951,Felice  Bonetto,BON,ITA
1951,Mike Nazaruk,NAZ,USA
1951,Reg  Parnell,PAR,GBR
1951,Luigi Fagioli,FAG,ITA
1951,Consalvo  Sanesi,SAN,ITA
1951,Andy Linden,LIN,USA
1951,Louis  Rosier,ROS,FRA
1951,Toulo de Graffenried,DEG,SUI
1951,Manny Ayulo,AYU,USA
1951,Bobby Ball,BAL,USA
1951,Jack McGrath,MCG,USA
1951,Yves Giraud-Cabantous,GIR,FRA
1952,Alberto Ascari,ASC,ITA
1952,Nino Farina,FAR,ITA
1952,Piero  Taruffi,TAR,ITA
1952,Rudi  Fischer,FIS,SUI
1952,Mike Hawthorn,HAW,GBR
1952,Robert  Manzon,MAN,FRA
1952,Troy Ruttman,RUT,USA
1952,Luigi  Villoresi,VIL,ITA
1952,Jose Froilan Gonzalez,GON,ARG
1952,Jim Rathmann,RAT,USA
1952,Jean Behra,BEH,FRA
1952,Sam Hanks,HAN,USA
1952,Ken  Wharton,WHA,GBR
1952,Duane Carter,CAR,USA
1952,Dennis Poore,POO,GBR
1952,Alan Brown,BRO,GBR
1952,Art Cross,CRO,USA
1952,Paul Frere,FRE,BEL
1952,Maurice  Trintignant,TRI,FRA
1952,Eric Thompson,THO,GBR
1952,Felice  Bonetto,BON,ITA
1952,Bill  Vukovich,VUK,USA
1953,Alberto Ascari,ASC,ITA
1953,Juan Manuel Fangio,FAN,ARG
1953,Nino Farina,FAR,ITA
1953,Mike Hawthorn,HAW,GBR
1953,Luigi  Villoresi,VIL,ITA
1953,Jose Froilan Gonzalez,GON,ARG
1953,Bill  Vukovich,VUK,USA
1953,Toulo de Graffenried,DEG,SUI
1953,Felice  Bonetto,BON,ITA
1953,Art Cross,CRO,USA
1953,Onofre Marimon,MAR,ARG
1953,Maurice  Trintignant,TRI,FRA
1953,Oscar Alfredo Galvez,GAL,ARG
1953,Sam Hanks,HAN,USA
1953,Duane Carter,CAR,USA
1953,Jack McGrath,MCG,USA
1953,Hermann Lang,LAN,GER
1953,Fred Agabashian,AGA,USA
1953,Paul Russo,RUS,USA
1954,Juan Manuel Fangio,FAN,ARG
1954,Jose Froilan Gonzalez,GON,ARG
1954,Mike Hawthorn,HAW,GBR
1954,Maurice  Trintignant,TRI,FRA
1954,Karl Kling,KLI,GER
1954,Bill  Vukovich,VUK,USA
1954,Hans  Herrmann,HER,GER
1954,Nino Farina,FAR,ITA
1954,Jimmy Bryan,BRY,USA
1954,Luigi Musso,MUS,ITA
1954,Roberto Mieres,MIE,ARG
1954,Jack McGrath,MCG,USA
1954,Stirling Moss,MOS,GBR
1954,Onofre Marimon,MAR,ARG
1954,Robert  Manzon,MAN,FRA
1954,Sergio Mantovani,MAN,ITA
1954,Prince Bira,BIR,THA
1954,Elie Bayol,BAY,FRA
1954,Mike Nazaruk,NAZ,USA
1954,Andre Pilette,PIL,BEL
1954,Luigi  Villoresi,VIL,ITA
1954,Umberto  Maglioli,MAG,ITA
1954,Troy Ruttman,RUT,USA
1954,Duane Carter,CAR,USA
1954,Alberto Ascari,ASC,ITA
1954,Jean Behra,BEH,FRA
1955,Juan Manuel Fangio,FAN,ARG
1955,Stirling Moss,MOS,GBR
1955,Eugenio Castellotti,CAS,ITA
1955,Maurice  Trintignant,TRI,FRA
1955,Nino Farina,FAR,ITA
1955,Piero  Taruffi,TAR,ITA
1955,Bob Sweikert,SWE,USA
1955,Roberto Mieres,MIE,ARG
1955,Luigi Musso,MUS,ITA
1955,Jean Behra,BEH,FRA
1955,Karl Kling,KLI,GER
1955,Jimmy Davies,DAV,USA
1955,Paul Russo,RUS,USA
1955,Tony  Bettenhausen,BET,USA
1955,Johnny Thomson,THO,USA
1955,Paul Frere,FRE,BEL
1955,Jose Froilan Gonzalez,GON,ARG
1955,Cesare Perdisa,PER,ITA
1955,Luigi  Villoresi,VIL,ITA
1955,Carlos Menditeguy,MEN,ARG
1955,Umberto  Maglioli,MAG,ITA
1955,Hans  Herrmann,HER,GER
1955,Walt  Faulkner,FAU,USA
1955,Bill Homeier,HOM,USA
1955,Bill  Vukovich,VUK,USA
1956,Juan Manuel Fangio,FAN,ARG
1956,Stirling Moss,MOS,GBR
1956,Peter Collins,COL,GBR
1956,Jean Behra,BEH,FRA
1956,Pat Flaherty,FLA,USA
1956,Eugenio Castellotti,CAS,ITA
1956,Sam Hanks,HAN,USA
1956,Paul Frere,FRE,BEL
1956,Paco  Godia,GOD,ESP
1956,Jack  Fairman,FAI,GBR
1956,Mike Hawthorn,HAW,GBR
1956,Luigi Musso,MUS,ITA
1956,Don  Freeland,FRE,USA
1956,Ron Flockhart,FLO,GBR
1956,Johnnie  Parsons,PAR,USA
1956,Harry Schell,SCH,USA
1956,Alfonso de Portago,DEP,ESP
1956,Cesare Perdisa,PER,ITA
1956,Olivier  Gendebien,GEN,BEL
1956,Hermano da Silva Ramos,DAS,BRA
1956,Dick Rathmann,RAT,USA
1956,Luigi  Villoresi,VIL,ITA
1956,Horace  Gould,GOU,GBR
1956,Louis  Rosier,ROS,FRA
1956,Gerino  Gerini,GER,ITA
1956,Chico Landi,LAN,BRA
1956,Paul Russo,RUS,USA
1957,Juan Manuel Fangio,FAN,ARG
1957,Stirling Moss,MOS,GBR
1957,Luigi Musso,MUS,ITA
1957,Mike Hawthorn,HAW,GBR
1957,Tony Brooks,BRO,GBR
1957,Masten Gregory,GRE,USA
1957,Harry Schell,SCH,USA
1957,Sam Hanks,HAN,USA
1957,Peter Collins,COL,GBR
1957,Jim Rathmann,RAT,USA
1957,Jean Behra,BEH,FRA
1957,Stuart  Lewis-Evans,LEW,GBR
1957,Maurice  Trintignant,TRI,FRA
1957,Carlos Menditeguy,MEN,ARG
1957,Jimmy Bryan,BRY,USA
1957,Wolfgang von Trips,VON,GER
1957,Paul Russo,RUS,USA
1957,Andy Linden,LIN,USA
1957,Roy Salvadori,SAL,GBR
1957,Alfonso de Portago,DEP,ESP
1957,Jose Froilan Gonzalez,GON,ARG
1957,Giorgio  Scarlatti,SCA,ITA
1958,Mike Hawthorn,HAW,GBR
1958,Stirling Moss,MOS,GBR
1958,Tony Brooks,BRO,GBR
1958,Roy Salvadori,SAL,GBR
1958,Peter Collins,COL,GBR
1958,Harry Schell,SCH,USA
1958,Maurice  Trintignant,TRI,FRA
1958,Luigi Musso,MUS,ITA
1958,Stuart  Lewis-Evans,LEW,GBR
1958,Phil Hill,HIL,USA
1958,Jean Behra,BEH,FRA
1958,Wolfgang von Trips,VON,GER
1958,Jimmy Bryan,BRY,USA
1958,Juan Manuel Fangio,FAN,ARG
1958,George  Amick,AMI,USA
1958,Tony  Bettenhausen,BET,USA
1958,Johnny  Boyd,BOY,USA
1958,Jack Brabham,BRA,AUS
1958,Cliff Allison,ALL,GBR
1958,Jo Bonnier,BON,SWE
1958,Jim Rathmann,RAT,USA
1959,Jack Brabham,BRA,AUS
1959,Tony Brooks,BRO,GBR
1959,Stirling Moss,MOS,GBR
1959,Phil Hill,HIL,USA
1959,Maurice  Trintignant,TRI,FRA
1959,Bruce McLaren,MCL,NZL
1959,Dan Gurney,GUR,USA
1959,Jo Bonnier,BON,SWE
1959,Masten Gregory,GRE,USA
1959,Rodger Ward,WAR,USA
1959,Jim Rathmann,RAT,USA
1959,Johnny Thomson,THO,USA
1959,Innes Ireland,IRE,GBR
1959,Harry Schell,SCH,USA
1959,Tony  Bettenhausen,BET,USA
1959,Olivier  Gendebien,GEN,BEL
1959,Paul Goldsmith,GOL,USA
1959,Jean Behra,BEH,FRA
1959,Cliff Allison,ALL,GBR
1960,Jack Brabham,BRA,AUS
1960,Bruce McLaren,MCL,NZL
1960,Stirling Moss,MOS,GBR
1960,Innes Ireland,IRE,GBR
1960,Phil Hill,HIL,USA
1960,Olivier  Gendebien,GEN,BEL
1960,Wolfgang von Trips,VON,GER
1960,Jim Rathmann,RAT,USA
1960,Richie Ginther,GIN,USA
1960,Jim Clark,CLA,GBR
1960,Tony Brooks,BRO,GBR
1960,Cliff Allison,ALL,GBR
1960,Rodger Ward,WAR,USA
1960,John Surtees,SUR,GBR
1960,Paul Goldsmith,GOL,USA
1960,Graham Hill,HIL,GBR
1960,Willy Mairesse,MAI,BEL
1960,Jo Bonnier,BON,SWE
1960,Carlos Menditeguy,MEN,ARG
1960,Don  Branson,BRA,USA
1960,Henry Taylor,TAY,GBR
1960,Giulio Cabianca,CAB,ITA
1960,Johnny Thomson,THO,USA
1960,Eddie Johnson,JOH,USA
1960,Lucien Bianchi,BIA,BEL
1960,Ron Flockhart,FLO,GBR
1960,Hans  Herrmann,HER,GER
1961,Phil Hill,HIL,USA
1961,Wolfgang von Trips,VON,GER
1961,Stirling Moss,MOS,GBR
1961,Dan Gurney,GUR,USA
1961,Richie Ginther,GIN,USA
1961,Innes Ireland,IRE,GBR
1961,Jim Clark,CLA,GBR
1961,Bruce McLaren,MCL,NZL
1961,Giancarlo Baghetti,BAG,ITA
1961,Tony Brooks,BRO,GBR
1961,Jack Brabham,BRA,AUS
1961,John Surtees,SUR,GBR
1961,Olivier  Gendebien,GEN,BEL
1961,Jackie  Lewis,LEW,GBR
1961,Jo Bonnier,BON,SWE
1961,Graham Hill,HIL,GBR
1961,Roy Salvadori,SAL,GBR
1962,Graham Hill,HIL,GBR
1962,Jim Clark,CLA,GBR
1962,Bruce McLaren,MCL,NZL
1962,John Surtees,SUR,GBR
1962,Dan Gurney,GUR,USA
1962,Phil Hill,HIL,USA
1962,Tony Maggs,MAG,RSA
1962,Richie Ginther,GIN,USA
1962,Jack Brabham,BRA,AUS
1962,Trevor  Taylor,TAY,GBR
1962,Giancarlo Baghetti,BAG,ITA
1962,Lorenzo Bandini,BAN,ITA
1962,Ricardo  Rodriguez,ROD,MEX
1962,Willy Mairesse,MAI,BEL
1962,Jo Bonnier,BON,SWE
1962,Innes Ireland,IRE,GBR
1962,Carel Godin de Beaufort,DEB,NED
1962,Masten Gregory,GRE,USA
1962,Neville Lederle,LED,RSA
1963,Jim Clark,CLA,GBR
1963,Graham Hill,HIL,GBR
1963,Richie Ginther,GIN,USA
1963,John Surtees,SUR,GBR
1963,Dan Gurney,GUR,USA
1963,Bruce McLaren,MCL,NZL
1963,Jack Brabham,BRA,AUS
1963,Tony Maggs,MAG,RSA
1963,Innes Ireland,IRE,GBR
1963,Lorenzo Bandini,BAN,ITA
1963,Jo Bonnier,BON,SWE
1963,Gerhard Mitter,MIT,GER
1963,Jim  Hall,HAL,USA
1963,Carel Godin de Beaufort,DEB,NED
1963,Trevor  Taylor,TAY,GBR
1963,Ludovico Scarfiotti,SCA,ITA
1963,Jo Siffert,SIF,SUI
1964,John Surtees,SUR,GBR
1964,Graham Hill,HIL,GBR
1964,Jim Clark,CLA,GBR
1964,Lorenzo Bandini,BAN,ITA
1964,Richie Ginther,GIN,USA
1964,Dan Gurney,GUR,USA
1964,Bruce McLaren,MCL,NZL
1964,Peter  Arundell,ARU,GBR
1964,Jack Brabham,BRA,AUS
1964,Jo Siffert,SIF,SUI
1964,Bob Anderson,AND,GBR
1964,Tony Maggs,MAG,RSA
1964,Mike Spence,SPE,GBR
1964,Innes Ireland,IRE,GBR
1964,Jo Bonnier,BON,SWE
1964,Chris Amon,AMO,NZL
1964,Maurice  Trintignant,TRI,FRA
1964,Walt  Hansgen,HAN,USA
1964,Mike Hailwood,HAI,GBR
1964,Phil Hill,HIL,USA
1964,Trevor  Taylor,TAY,GBR
1964,Pedro Rodriguez,ROD,MEX
1965,Jim Clark,CLA,GBR
1965,Graham Hill,HIL,GBR
1965,Jackie Stewart,STE,GBR
1965,Dan Gurney,GUR,USA
1965,John Surtees,SUR,GBR
1965,Lorenzo Bandini,BAN,ITA
1965,Richie Ginther,GIN,USA
1965,Mike Spence,SPE,GBR
1965,Bruce McLaren,MCL,NZL
1965,Jack Brabham,BRA,AUS
1965,Denny Hulme,HUL,NZL
1965,Jo Siffert,SIF,SUI
1965,Jochen Rindt,RIN,AUT
1965,Pedro Rodriguez,ROD,MEX
1965,Ronnie Bucknum,BUC,USA
1965,Richard Attwood,ATT,GBR
1966,Jack Brabham,BRA,AUS
1966,John Surtees,SUR,GBR
1966,Jochen Rindt,RIN,AUT
1966,Denny Hulme,HUL,NZL
1966,Graham Hill,HIL,GBR
1966,Jim Clark,CLA,GBR
1966,Jackie Stewart,STE,GBR
1966,Mike  Parkes,PAR,GBR
1966,Lorenzo Bandini,BAN,ITA
1966,Ludovico Scarfiotti,SCA,ITA
1966,Richie Ginther,GIN,USA
1966,Dan Gurney,GUR,USA
1966,Mike Spence,SPE,GBR
1966,Bob Bondurant,BON,USA
1966,Jo Siffert,SIF,SUI
1966,Bruce McLaren,MCL,NZL
1966,John  Taylor,TAY,GBR
1966,Bob Anderson,AND,GBR
1966,Peter  Arundell,ARU,GBR
1966,Jo Bonnier,BON,SWE
1967,Denny Hulme,HUL,NZL
1967,Jack Brabham,BRA,AUS
1967,Jim Clark,CLA,GBR
1967,John Surtees,SUR,GBR
1967,Chris Amon,AMO,NZL
1967,Pedro Rodriguez,ROD,MEX
1967,Graham Hill,HIL,GBR
1967,Dan Gurney,GUR,USA
1967,Jackie Stewart,STE,GBR
1967,Mike Spence,SPE,GBR
1967,John Love,LOV,RHO
1967,Jochen Rindt,RIN,AUT
1967,Jo Siffert,SIF,SUI
1967,Bruce McLaren,MCL,NZL
1967,Jo Bonnier,BON,SWE
1967,Bob Anderson,AND,GBR
1967,Mike  Parkes,PAR,GBR
1967,Chris  Irwin,IRW,GBR
1967,Ludovico Scarfiotti,SCA,ITA
1967,Guy  Ligier,LIG,FRA
1967,Jacky Ickx,ICK,BEL
1968,Graham Hill,HIL,GBR
1968,Jackie Stewart,STE,GBR
1968,Denny Hulme,HUL,NZL
1968,Jacky Ickx,ICK,BEL
1968,Bruce McLaren,MCL,NZL
1968,Pedro Rodriguez,ROD,MEX
1968,Jo Siffert,SIF,SUI
1968,John Surtees,SUR,GBR
1968,Jean-Pierre Beltoise,BEL,FRA
1968,Chris Amon,AMO,NZL
1968,Jim Clark,CLA,GBR
1968,Jochen Rindt,RIN,AUT
1968,Richard Attwood,ATT,GBR
1968,Johnny  Servoz-Gavin,SER,FRA
1968,Jackie Oliver,OLI,GBR
1968,Ludovico Scarfiotti,SCA,ITA
1968,Lucien Bianchi,BIA,BEL
1968,Vic  Elford,ELF,GBR
1968,Brian  Redman,RED,GBR
1968,Piers  Courage,COU,GBR
1968,Dan Gurney,GUR,USA
1968,Jo Bonnier,BON,SWE
1968,Silvio  Moser,MOS,SUI
1968,Jack Brabham,BRA,AUS
1969,Jackie Stewart,STE,GBR
1969,Jacky Ickx,ICK,BEL
1969,Bruce McLaren,MCL,NZL
1969,Jochen Rindt,RIN,AUT
1969,Jean-Pierre Beltoise,BEL,FRA
1969,Denny Hulme,HUL,NZL
1969,Graham Hill,HIL,GBR
1969,Piers  Courage,COU,GBR
1969,Jo Siffert,SIF,SUI
1969,Jack Brabham,BRA,AUS
1969,John Surtees,SUR,GBR
1969,Chris Amon,AMO,NZL
1969,Richard Attwood,ATT,GBR
1969,Vic  Elford,ELF,GBR
1969,Pedro Rodriguez,ROD,MEX
1969,Johnny  Servoz-Gavin,SER,FRA
1969,Silvio  Moser,MOS,SUI
1969,Jackie Oliver,OLI,GBR
1970,Jochen Rindt,RIN,AUT
1970,Jacky Ickx,ICK,BEL
1970,Clay Regazzoni,REG,SUI
1970,Denny Hulme,HUL,NZL
1970,Jack Brabham,BRA,AUS
1970,Jackie Stewart,STE,GBR
1970,Pedro Rodriguez,ROD,MEX
1970,Chris Amon,AMO,NZL
1970,Jean-Pierre Beltoise,BEL,FRA
1970,Emerson Fittipaldi,FIT,BRA
1970,Rolf Stommelen,STO,GER
1970,Henri Pescarolo,PES,FRA
1970,Graham Hill,HIL,GBR
1970,Bruce McLaren,MCL,NZL
1970,Mario Andretti,AND,USA
1970,Reine  Wisell,WIS,SWE
1970,Ignazio  Giunti,GIU,ITA
1970,John Surtees,SUR,GBR
1970,John  Miles,MIL,GBR
1970,Johnny  Servoz-Gavin,SER,FRA
1970,Jackie Oliver,OLI,GBR
1970,Dan Gurney,GUR,USA
1970,Francois  Cevert,CEV,FRA
1970,Peter  Gethin,GET,GBR
1970,Derek Bell,BEL,GBR
1971,Jackie Stewart,STE,GBR
1971,Ronnie Peterson,PET,SWE
1971,Francois  Cevert,CEV,FRA
1971,Jacky Ickx,ICK,BEL
1971,Jo Siffert,SIF,SUI
1971,Emerson Fittipaldi,FIT,BRA
1971,Clay Regazzoni,REG,SUI
1971,Mario Andretti,AND,USA
1971,Peter  Gethin,GET,GBR
1971,Pedro Rodriguez,ROD,MEX
1971,Chris Amon,AMO,NZL
1971,Reine  Wisell,WIS,SWE
1971,Denny Hulme,HUL,NZL
1971,Tim  Schenken,SCH,AUS
1971,Howden  Ganley,GAN,NZL
1971,Mark Donohue,DON,USA
1971,Henri Pescarolo,PES,FRA
1971,Mike Hailwood,HAI,GBR
1971,John Surtees,SUR,GBR
1971,Rolf Stommelen,STO,GER
1971,Graham Hill,HIL,GBR
1971,Jean-Pierre Beltoise,BEL,FRA
1972,Emerson Fittipaldi,FIT,BRA
1972,Jackie Stewart,STE,GBR
1972,Denny Hulme,HUL,NZL
1972,Jacky Ickx,ICK,BEL
1972,Peter  Revson,REV,USA
1972,Francois  Cevert,CEV,FRA
1972,Clay Regazzoni,REG,SUI
1972,Mike Hailwood,HAI,GBR
1972,Ronnie Peterson,PET,SWE
1972,Chris Amon,AMO,NZL
1972,Jean-Pierre Beltoise,BEL,FRA
1972,Mario Andretti,AND,USA
1972,Howden  Ganley,GAN,NZL
1972,Brian  Redman,RED,GBR
1972,Graham Hill,HIL,GBR
1972,Andrea de Adamich,DEA,ITA
1972,Carlos Reutemann,REU,ARG
1972,Carlos Pace,PAC,BRA
1972,Tim  Schenken,SCH,AUS
1972,Arturo Merzario,MER,ITA
1972,Peter  Gethin,GET,GBR
1973,Jackie Stewart,STE,GBR
1973,Emerson Fittipaldi,FIT,BRA
1973,Ronnie Peterson,PET,SWE
1973,Francois  Cevert,CEV,FRA
1973,Peter  Revson,REV,USA
1973,Denny Hulme,HUL,NZL
1973,Carlos Reutemann,REU,ARG
1973,James Hunt,HUN,GBR
1973,Jacky Ickx,ICK,BEL
1973,Jean-Pierre Beltoise,BEL,FRA
1973,Carlos Pace,PAC,BRA
1973,Arturo Merzario,MER,ITA
1973,George  Follmer,FOL,USA
1973,Jackie Oliver,OLI,GBR
1973,Andrea de Adamich,DEA,ITA
1973,Wilson Fittipaldi,FIT,BRA
1973,Niki Lauda,LAU,AUT
1973,Clay Regazzoni,REG,SUI
1973,Chris Amon,AMO,NZL
1973,Gijs van Lennep,VAN,NED
1973,Howden  Ganley,GAN,NZL
1974,Emerson Fittipaldi,FIT,BRA
1974,Clay Regazzoni,REG,SUI
1974,Jody Scheckter,SCH,RSA
1974,Niki Lauda,LAU,AUT
1974,Ronnie Peterson,PET,SWE
1974,Carlos Reutemann,REU,ARG
1974,Denny Hulme,HUL,NZL
1974,James Hunt,HUN,GBR
1974,Patrick Depailler,DEP,FRA
1974,Jacky Ickx,ICK,BEL
1974,Mike Hailwood,HAI,GBR
1974,Carlos Pace,PAC,BRA
1974,Jean-Pierre Beltoise,BEL,FRA
1974,Jean-Pierre Jarier,JAR,FRA
1974,John Watson,WAT,GBR
1974,Hans-Joachim Stuck,STU,GER
1974,Arturo Merzario,MER,ITA
1974,Graham Hill,HIL,GBR
1974,Tom Pryce,PRY,GBR
1974,Vittorio Brambilla,BRA,ITA
1975,Niki Lauda,LAU,AUT
1975,Emerson Fittipaldi,FIT,BRA
1975,Carlos Reutemann,REU,ARG
1975,James Hunt,HUN,GBR
1975,Clay Regazzoni,REG,SUI
1975,Carlos Pace,PAC,BRA
1975,Jody Scheckter,SCH,RSA
1975,Jochen Mass,MAS,GER
1975,Patrick Depailler,DEP,FRA
1975,Tom Pryce,PRY,GBR
1975,Vittorio Brambilla,BRA,ITA
1975,Jacques Laffite,LAF,FRA
1975,Ronnie Peterson,PET,SWE
1975,Mario Andretti,AND,USA
1975,Mark Donohue,DON,USA
1975,Jacky Ickx,ICK,BEL
1975,Alan  Jones,JON,AUS
1975,Jean-Pierre Jarier,JAR,FRA
1975,Tony Brise,BRI,GBR
1975,Gijs van Lennep,VAN,NED
1975,Lella Lombardi,LOM,ITA
1976,James Hunt,HUN,GBR
1976,Niki Lauda,LAU,AUT
1976,Jody Scheckter,SCH,RSA
1976,Patrick Depailler,DEP,FRA
1976,Clay Regazzoni,REG,SUI
1976,Mario Andretti,AND,USA
1976,John Watson,WAT,GBR
1976,Jacques Laffite,LAF,FRA
1976,Jochen Mass,MAS,GER
1976,Gunnar Nilsson,NIL,SWE
1976,Ronnie Peterson,PET,SWE
1976,Tom Pryce,PRY,GBR
1976,Hans-Joachim Stuck,STU,GER
1976,Carlos Pace,PAC,BRA
1976,Alan  Jones,JON,AUS
1976,Carlos Reutemann,REU,ARG
1976,Emerson Fittipaldi,FIT,BRA
1976,Chris Amon,AMO,NZL
1976,Rolf Stommelen,STO,GER
1976,Vittorio Brambilla,BRA,ITA
1977,Niki Lauda,LAU,AUT
1977,Jody Scheckter,SCH,RSA
1977,Mario Andretti,AND,USA
1977,Carlos Reutemann,REU,ARG
1977,James Hunt,HUN,GBR
1977,Jochen Mass,MAS,GER
1977,Alan  Jones,JON,AUS
1977,Gunnar Nilsson,NIL,SWE
1977,Patrick Depailler,DEP,FRA
1977,Jacques Laffite,LAF,FRA
1977,Hans-Joachim Stuck,STU,GER
1977,Emerson Fittipaldi,FIT,BRA
1977,John Watson,WAT,GBR
1977,Ronnie Peterson,PET,SWE
1977,Carlos Pace,PAC,BRA
1977,Vittorio Brambilla,BRA,ITA
1977,Patrick Tambay,TAM,FRA
1977,Clay Regazzoni,REG,SUI
1977,Renzo Zorzi,ZOR,ITA
1977,Jean-Pierre Jarier,JAR,FRA
1977,Riccardo Patrese,PAT,ITA
1978,Mario Andretti,AND,USA
1978,Ronnie Peterson,PET,SWE
1978,Carlos Reutemann,REU,ARG
1978,Niki Lauda,LAU,AUT
1978,Patrick Depailler,DEP,FRA
1978,John Watson,WAT,GBR
1978,Jody Scheckter,SCH,RSA
1978,Jacques Laffite,LAF,FRA
1978,Gilles Villeneuve,VIL,CAN
1978,Emerson Fittipaldi,FIT,BRA
1978,Alan  Jones,JON,AUS
1978,Riccardo Patrese,PAT,ITA
1978,James Hunt,HUN,GBR
1978,Patrick Tambay,TAM,FRA
1978,Didier Pironi,PIR,FRA
1978,Clay Regazzoni,REG,SUI
1978,Jean-Pierre Jabouille,JAB,FRA
1978,Hans-Joachim Stuck,STU,GER
1978,Hector Rebaque,REB,MEX
1978,Vittorio Brambilla,BRA,ITA
1978,Derek Daly,DAL,IRL
1979,Jody Scheckter,SCH,RSA
1979,Gilles Villeneuve,VIL,CAN
1979,Alan  Jones,JON,AUS
1979,Jacques Laffite,LAF,FRA
1979,Clay Regazzoni,REG,SUI
1979,Patrick Depailler,DEP,FRA
1979,Carlos Reutemann,REU,ARG
1979,Rene Arnoux,ARN,FRA
1979,John Watson,WAT,GBR
1979,Didier Pironi,PIR,FRA
1979,Jean-Pierre Jarier,JAR,FRA
1979,Mario Andretti,AND,USA
1979,Jean-Pierre Jabouille,JAB,FRA
1979,Niki Lauda,LAU,AUT
1979,Nelson Piquet,PIQ,BRA
1979,Elio de Angelis,DEA,ITA
1979,Jacky Ickx,ICK,BEL
1979,Jochen Mass,MAS,GER
1979,Riccardo Patrese,PAT,ITA
1979,Hans-Joachim Stuck,STU,GER
1979,Emerson Fittipaldi,FIT,BRA
1980,Alan  Jones,JON,AUS
1980,Nelson Piquet,PIQ,BRA
1980,Carlos Reutemann,REU,ARG
1980,Jacques Laffite,LAF,FRA
1980,Didier Pironi,PIR,FRA
1980,Rene Arnoux,ARN,FRA
1980,Elio de Angelis,DEA,ITA
1980,Jean-Pierre Jabouille,JAB,FRA
1980,Riccardo Patrese,PAT,ITA
1980,Keke Rosberg,ROS,FIN
1980,Derek Daly,DAL,IRL
1980,John Watson,WAT,GBR
1980,Jean-Pierre Jarier,JAR,FRA
1980,Gilles Villeneuve,VIL,CAN
1980,Emerson Fittipaldi,FIT,BRA
1980,Alain Prost,PRO,FRA
1980,Jochen Mass,MAS,GER
1980,Bruno Giacomelli,GIA,ITA
1980,Jody Scheckter,SCH,RSA
1980,Hector Rebaque,REB,MEX
1980,Mario Andretti,AND,USA
1981,Nelson Piquet,PIQ,BRA
1981,Carlos Reutemann,REU,ARG
1981,Alan  Jones,JON,AUS
1981,Jacques Laffite,LAF,FRA
1981,Alain Prost,PRO,FRA
1981,John Watson,WAT,GBR
1981,Gilles Villeneuve,VIL,CAN
1981,Elio de Angelis,DEA,ITA
1981,Rene Arnoux,ARN,FRA
1981,Hector Rebaque,REB,MEX
1981,Riccardo Patrese,PAT,ITA
1981,Eddie  Cheever,CHE,USA
1981,Didier Pironi,PIR,FRA
1981,Nigel Mansell,MAN,GBR
1981,Bruno Giacomelli,GIA,ITA
1981,Marc Surer,SUR,SUI
1981,Mario Andretti,AND,USA
1981,Patrick Tambay,TAM,FRA
1981,Andrea de Cesaris,DEC,ITA
1981,Slim Borgudd,BOR,SWE
1981,Eliseo Salazar,SAL,CHI
1982,Keke Rosberg,ROS,FIN
1982,Didier Pironi,PIR,FRA
1982,John Watson,WAT,GBR
1982,Alain Prost,PRO,FRA
1982,Niki Lauda,LAU,AUT
1982,Rene Arnoux,ARN,FRA
1982,Patrick Tambay,TAM,FRA
1982,Michele Alboreto,ALB,ITA
1982,Elio de Angelis,DEA,ITA
1982,Riccardo Patrese,PAT,ITA
1982,Nelson Piquet,PIQ,BRA
1982,Eddie  Cheever,CHE,USA
1982,Derek Daly,DAL,IRL
1982,Nigel Mansell,MAN,GBR
1982,Carlos Reutemann,REU,ARG
1982,Gilles Villeneuve,VIL,CAN
1982,Andrea de Cesaris,DEC,ITA
1982,Jacques Laffite,LAF,FRA
1982,Mario Andretti,AND,USA
1982,Jean-Pierre Jarier,JAR,FRA
1982,Marc Surer,SUR,SUI
1982,Manfred Winkelhock,WIN,GER
1982,Eliseo Salazar,SAL,CHI
1982,Bruno Giacomelli,GIA,ITA
1982,Mauro Baldi,BAL,ITA
1982,Chico Serra,SER,BRA
1983,Nelson Piquet,PIQ,BRA
1983,Alain Prost,PRO,FRA
1983,Rene Arnoux,ARN,FRA
1983,Patrick Tambay,TAM,FRA
1983,Keke Rosberg,ROS,FIN
1983,John Watson,WAT,GBR
1983,Eddie  Cheever,CHE,USA
1983,Andrea de Cesaris,DEC,ITA
1983,Riccardo Patrese,PAT,ITA
1983,Niki Lauda,LAU,AUT
1983,Jacques Laffite,LAF,FRA
1983,Michele Alboreto,ALB,ITA
1983,Nigel Mansell,MAN,GBR
1983,Derek Warwick,WAR,GBR
1983,Marc Surer,SUR,SUI
1983,Mauro Baldi,BAL,ITA
1983,Elio de Angelis,DEA,ITA
1983,Danny Sullivan,SUL,USA
1983,Bruno Giacomelli,GIA,ITA
1983,Johnny Cecotto,CEC,VEN
1984,Niki Lauda,LAU,AUT
1984,Alain Prost,PRO,FRA
1984,Elio de Angelis,DEA,ITA
1984,Michele Alboreto,ALB,ITA
1984,Nelson Piquet,PIQ,BRA
1984,Rene Arnoux,ARN,FRA
1984,Derek Warwick,WAR,GBR
1984,Keke Rosberg,ROS,FIN
1984,Ayrton Senna,SEN,BRA
1984,Nigel Mansell,MAN,GBR
1984,Patrick Tambay,TAM,FRA
1984,Teo Fabi,FAB,ITA
1984,Riccardo Patrese,PAT,ITA
1984,Jacques Laffite,LAF,FRA
1984,Thierry Boutsen,BOU,BEL
1984,Eddie  Cheever,CHE,USA
1984,Stefan Johansson,JOH,SWE
1984,Andrea de Cesaris,DEC,ITA
1984,Piercarlo Ghinzani,GHI,ITA
1984,Marc Surer,SUR,SUI
1985,Alain Prost,PRO,FRA
1985,Michele Alboreto,ALB,ITA
1985,Keke Rosberg,ROS,FIN
1985,Ayrton Senna,SEN,BRA
1985,Elio de Angelis,DEA,ITA
1985,Nigel Mansell,MAN,GBR
1985,Stefan Johansson,JOH,SWE
1985,Nelson Piquet,PIQ,BRA
1985,Jacques Laffite,LAF,FRA
1985,Niki Lauda,LAU,AUT
1985,Thierry Boutsen,BOU,BEL
1985,Patrick Tambay,TAM,FRA
1985,Marc Surer,SUR,SUI
1985,Derek Warwick,WAR,GBR
1985,Philippe Streiff,STR,FRA
1985,Stefan Bellof,BEL,GER
1985,Andrea de Cesaris,DEC,ITA
1985,Rene Arnoux,ARN,FRA
1985,Ivan Capelli,CAP,ITA
1985,Gerhard Berger,BER,AUT
1986,Alain Prost,PRO,FRA
1986,Nigel Mansell,MAN,GBR
1986,Nelson Piquet,PIQ,BRA
1986,Ayrton Senna,SEN,BRA
1986,Stefan Johansson,JOH,SWE
1986,Keke Rosberg,ROS,FIN
1986,Gerhard Berger,BER,AUT
1986,Jacques Laffite,LAF,FRA
1986,Michele Alboreto,ALB,ITA
1986,Rene Arnoux,ARN,FRA
1986,Martin Brundle,BRU,GBR
1986,Alan  Jones,JON,AUS
1986,Johnny Dumfries,DUM,GBR
1986,Philippe Streiff,STR,FRA
1986,Teo Fabi,FAB,ITA
1986,Patrick Tambay,TAM,FRA
1986,Riccardo Patrese,PAT,ITA
1986,Philippe Alliot,ALL,FRA
1986,Christian Danner,DAN,GER
1987,Nelson Piquet,PIQ,BRA
1987,Nigel Mansell,MAN,GBR
1987,Ayrton Senna,SEN,BRA
1987,Alain Prost,PRO,FRA
1987,Gerhard Berger,BER,AUT
1987,Stefan Johansson,JOH,SWE
1987,Michele Alboreto,ALB,ITA
1987,Thierry Boutsen,BOU,BEL
1987,Teo Fabi,FAB,ITA
1987,Eddie  Cheever,CHE,USA
1987,Jonathan  Palmer,PAL,GBR
1987,Satoru Nakajima,NAK,JPN
1987,Riccardo Patrese,PAT,ITA
1987,Andrea de Cesaris,DEC,ITA
1987,Philippe Streiff,STR,FRA
1987,Derek Warwick,WAR,GBR
1987,Philippe Alliot,ALL,FRA
1987,Martin Brundle,BRU,GBR
1987,Rene Arnoux,ARN,FRA
1987,Ivan Capelli,CAP,ITA
1987,Roberto Moreno,MOR,BRA
1988,Ayrton Senna,SEN,BRA
1988,Alain Prost,PRO,FRA
1988,Gerhard Berger,BER,AUT
1988,Thierry Boutsen,BOU,BEL
1988,Michele Alboreto,ALB,ITA
1988,Nelson Piquet,PIQ,BRA
1988,Ivan Capelli,CAP,ITA
1988,Derek Warwick,WAR,GBR
1988,Nigel Mansell,MAN,GBR
1988,Alessandro Nannini,NAN,ITA
1988,Riccardo Patrese,PAT,ITA
1988,Eddie  Cheever,CHE,USA
1988,Mauricio Gugelmin,GUG,BRA
1988,Jonathan  Palmer,PAL,GBR
1988,Andrea de Cesaris,DEC,ITA
1988,Pierluigi Martini,MAR,ITA
1988,Satoru Nakajima,NAK,JPN
1989,Alain Prost,PRO,FRA
1989,Ayrton Senna,SEN,BRA
1989,Riccardo Patrese,PAT,ITA
1989,Nigel Mansell,MAN,GBR
1989,Thierry Boutsen,BOU,BEL
1989,Alessandro Nannini,NAN,ITA
1989,Gerhard Berger,BER,AUT
1989,Nelson Piquet,PIQ,BRA
1989,Jean Alesi,ALE,FRA
1989,Derek Warwick,WAR,GBR
1989,Stefan Johansson,JOH,SWE
1989,Michele Alboreto,ALB,ITA
1989,Eddie  Cheever,CHE,USA
1989,Johnny Herbert,HER,GBR
1989,Pierluigi Martini,MAR,ITA
1989,Andrea de Cesaris,DEC,ITA
1989,Mauricio Gugelmin,GUG,BRA
1989,Stefano Modena,MOD,ITA
1989,Alex Caffi,CAF,ITA
1989,Martin Brundle,BRU,GBR
1989,Christian Danner,DAN,GER
1989,Satoru Nakajima,NAK,JPN
1989,Rene Arnoux,ARN,FRA
1989,Emanuele Pirro,PIR,ITA
1989,Jonathan  Palmer,PAL,GBR
1989,Gabriele Tarquini,TAR,ITA
1989,Philippe Alliot,ALL,FRA
1989,Olivier Grouillard,GRO,FRA
1989,Luis Perez-Sala,PER,ESP
1990,Ayrton Senna,SEN,BRA
1990,Alain Prost,PRO,FRA
1990,Nelson Piquet,PIQ,BRA
1990,Gerhard Berger,BER,AUT
1990,Nigel Mansell,MAN,GBR
1990,Thierry Boutsen,BOU,BEL
1990,Riccardo Patrese,PAT,ITA
1990,Alessandro Nannini,NAN,ITA
1990,Jean Alesi,ALE,FRA
1990,Ivan Capelli,CAP,ITA
1990,Roberto Moreno,MOR,BRA
1990,Aguri Suzuki,SUZ,JPN
1990,Eric Bernard,BER,FRA
1990,Derek Warwick,WAR,GBR
1990,Satoru Nakajima,NAK,JPN
1990,Alex Caffi,CAF,ITA
1990,Stefano Modena,MOD,ITA
1990,Mauricio Gugelmin,GUG,BRA
1991,Ayrton Senna,SEN,BRA
1991,Nigel Mansell,MAN,GBR
1991,Riccardo Patrese,PAT,ITA
1991,Gerhard Berger,BER,AUT
1991,Alain Prost,PRO,FRA
1991,Nelson Piquet,PIQ,BRA
1991,Jean Alesi,ALE,FRA
1991,Stefano Modena,MOD,ITA
1991,Andrea de Cesaris,DEC,ITA
1991,Roberto Moreno,MOR,BRA
1991,Pierluigi Martini,MAR,ITA
1991,Jyrki Jarvilehto,JAR,FIN
1991,Bertrand Gachot,GAC,FRA
1991,Michael Schumacher,MSC,GER
1991,Mika Hakkinen,HAK,FIN
1991,Martin Brundle,BRU,GBR
1991,Satoru Nakajima,NAK,JPN
1991,Julian Bailey,BAI,GBR
1991,Eric Bernard,BER,FRA
1991,Ivan Capelli,CAP,ITA
1991,Aguri Suzuki,SUZ,JPN
1991,Emanuele Pirro,PIR,ITA
1991,Mark Blundell,BLU,GBR
1991,Gianni Morbidelli,MOR,ITA
1992,Nigel Mansell,MAN,GBR
1992,Riccardo Patrese,PAT,ITA
1992,Michael Schumacher,MSC,GER
1992,Ayrton Senna,SEN,BRA
1992,Gerhard Berger,BER,AUT
1992,Martin Brundle,BRU,GBR
1992,Jean Alesi,ALE,FRA
1992,Mika Hakkinen,HAK,FIN
1992,Andrea de Cesaris,DEC,ITA
1992,Michele Alboreto,ALB,ITA
1992,Erik Comas,COM,FRA
1992,Karl Wendlinger,WEN,AUT
1992,Ivan Capelli,CAP,ITA
1992,Thierry Boutsen,BOU,BEL
1992,Pierluigi Martini,MAR,ITA
1992,Johnny Herbert,HER,GBR
1992,Stefano Modena,MOD,ITA
1992,Christian Fittipaldi,FIT,BRA
1992,Bertrand Gachot,GAC,FRA
1993,Alain Prost,PRO,FRA
1993,Ayrton Senna,SEN,BRA
1993,Damon Hill,HIL,GBR
1993,Michael Schumacher,MSC,GER
1993,Riccardo Patrese,PAT,ITA
1993,Jean Alesi,ALE,FRA
1993,Martin Brundle,BRU,GBR
1993,Gerhard Berger,BER,AUT
1993,Johnny Herbert,HER,GBR
1993,Mark Blundell,BLU,GBR
1993,Michael Andretti,AND,USA
1993,Karl Wendlinger,WEN,AUT
1993,Christian Fittipaldi,FIT,BRA
1993,Jyrki Jarvilehto,JAR,FIN
1993,Mika Hakkinen,HAK,FIN
1993,Derek Warwick,WAR,GBR
1993,Philippe Alliot,ALL,FRA
1993,Rubens Barrichello,BAR,BRA
1993,Fabrizio Barbazza,BAR,ITA
1993,Alessandro Zanardi,ZAN,ITA
1993,Erik Comas,COM,FRA
1993,Eddie Irvine,IRV,GBR
1994,Michael Schumacher,MSC,GER
1994,Damon Hill,HIL,GBR
1994,Gerhard Berger,BER,AUT
1994,Mika Hakkinen,HAK,FIN
1994,Jean Alesi,ALE,FRA
1994,Rubens Barrichello,BAR,BRA
1994,Martin Brundle,BRU,GBR
1994,David Coulthard,COU,GBR
1994,Nigel Mansell,MAN,GBR
1994,Jos Verstappen,VER,NED
1994,Olivier Panis,PAN,FRA
1994,Mark Blundell,BLU,GBR
1994,Heinz-Harald Frentzen,FRE,GER
1994,Nicola Larini,LAR,ITA
1994,Christian Fittipaldi,FIT,BRA
1994,Eddie Irvine,IRV,GBR
1994,Ukyo Katayama,KAT,JPN
1994,Eric Bernard,BER,FRA
1994,Karl Wendlinger,WEN,AUT
1994,Andrea de Cesaris,DEC,ITA
1994,Pierluigi Martini,MAR,ITA
1994,Gianni Morbidelli,MOR,ITA
1994,Erik Comas,COM,FRA
1994,Michele Alboreto,ALB,ITA
1994,Jyrki Jarvilehto,JAR,FIN
1995,Michael Schumacher,MSC,GER
1995,Damon Hill,HIL,GBR
1995,David Coulthard,COU,GBR
1995,Johnny Herbert,HER,GBR
1995,Jean Alesi,ALE,FRA
1995,Gerhard Berger,BER,AUT
1995,Mika Hakkinen,HAK,FIN
1995,Olivier Panis,PAN,FRA
1995,Heinz-Harald Frentzen,FRE,GER
1995,Mark Blundell,BLU,GBR
1995,Rubens Barrichello,BAR,BRA
1995,Eddie Irvine,IRV,GBR
1995,Martin Brundle,BRU,GBR
1995,Gianni Morbidelli,MOR,ITA
1995,Mika Salo,SAL,FIN
1995,Jean-Christophe Boullion,BOU,FRA
1995,Aguri Suzuki,SUZ,JPN
1995,Pedro Lamy,LAM,POR
1996,Damon Hill,HIL,GBR
1996,Jacques Villeneuve,VIL,CAN
1996,Michael Schumacher,MSC,GER
1996,Jean Alesi,ALE,FRA
1996,Mika Hakkinen,HAK,FIN
1996,Gerhard Berger,BER,AUT
1996,David Coulthard,COU,GBR
1996,Rubens Barrichello,BAR,BRA
1996,Olivier Panis,PAN,FRA
1996,Eddie Irvine,IRV,GBR
1996,Martin Brundle,BRU,GBR
1996,Heinz-Harald Frentzen,FRE,GER
1996,Mika Salo,SAL,FIN
1996,Johnny Herbert,HER,GBR
1996,Pedro Diniz,DIN,BRA
1996,Jos Verstappen,VER,NED
1997,Jacques Villeneuve,VIL,CAN
1997,Michael Schumacher,MSC,GER
1997,Heinz-Harald Frentzen,FRE,GER
1997,David Coulthard,COU,GBR
1997,Jean Alesi,ALE,FRA
1997,Gerhard Berger,BER,AUT
1997,Mika Hakkinen,HAK,FIN
1997,Eddie Irvine,IRV,GBR
1997,Giancarlo Fisichella,FIS,ITA
1997,Olivier Panis,PAN,FRA
1997,Johnny Herbert,HER,GBR
1997,Ralf Schumacher,RSC,GER
1997,Damon Hill,HIL,GBR
1997,Rubens Barrichello,BAR,BRA
1997,Alexander Wurz,WUR,AUT
1997,Jarno Trulli,TRU,ITA
1997,Mika Salo,SAL,FIN
1997,Pedro Diniz,DIN,BRA
1997,Shinji Nakano,NAK,JPN
1997,Nicola Larini,LAR,ITA
1998,Mika Hakkinen,HAK,FIN
1998,Michael Schumacher,MSC,GER
1998,David Coulthard,COU,GBR
1998,Eddie Irvine,IRV,GBR
1998,Jacques Villeneuve,VIL,CAN
1998,Damon Hill,HIL,GBR
1998,Heinz-Harald Frentzen,FRE,GER
1998,Alexander Wurz,WUR,AUT
1998,Giancarlo Fisichella,FIS,ITA
1998,Ralf Schumacher,RSC,GER
1998,Jean Alesi,ALE,FRA
1998,Rubens Barrichello,BAR,BRA
1998,Mika Salo,SAL,FIN
1998,Pedro Diniz,DIN,BRA
1998,Johnny Herbert,HER,GBR
1998,Jan Magnussen,MAG,DEN
1998,Jarno Trulli,TRU,ITA
1998,Ricardo Rosset,ROS,BRA
1998,Olivier Panis,PAN,FRA
1998,Toranosuke Takagi,TAK,JPN
1998,Shinji Nakano,NAK,JPN
1998,Esteban Tuero,TUE,ARG
1998,Jos Verstappen,VER,NED
1999,Mika Hakkinen,HAK,FIN
1999,Eddie Irvine,IRV,GBR
1999,Heinz-Harald Frentzen,FRE,GER
1999,David Coulthard,COU,GBR
1999,Michael Schumacher,MSC,GER
1999,Ralf Schumacher,RSC,GER
1999,Rubens Barrichello,BAR,BRA
1999,Johnny Herbert,HER,GBR
1999,Giancarlo Fisichella,FIS,ITA
1999,Mika Salo,SAL,FIN
1999,Jarno Trulli,TRU,ITA
1999,Damon Hill,HIL,GBR
1999,Alexander Wurz,WUR,AUT
1999,Pedro Diniz,DIN,BRA
1999,Olivier Panis,PAN,FRA
1999,Jean Alesi,ALE,FRA
1999,Pedro de la Rosa,DLR,ESP
1999,Marc Gene,GEN,ESP
2000,Michael Schumacher,MSC,GER
2000,Mika Hakkinen,HAK,FIN
2000,David Coulthard,COU,GBR
2000,Rubens Barrichello,BAR,BRA
2000,Ralf Schumacher,RSC,GER
2000,Giancarlo Fisichella,FIS,ITA
2000,Jacques Villeneuve,VIL,CAN
2000,Jenson Button,BUT,GBR
2000,Heinz-Harald Frentzen,FRE,GER
2000,Jarno Trulli,TRU,ITA
2000,Mika Salo,SAL,FIN
2000,Jos Verstappen,VER,NED
2000,Eddie Irvine,IRV,GBR
2000,Ricardo Zonta,ZON,BRA
2000,Alexander Wurz,WUR,AUT
2000,Pedro de la Rosa,DLR,ESP
2000,Pedro Diniz,DIN,BRA
2000,Johnny Herbert,HER,GBR
2000,Marc Gene,GEN,ESP
2000,Gaston Mazzacane,MAZ,ARG
2000,Nick Heidfeld,HEI,GER
2000,Jean Alesi,ALE,FRA
2000,Luciano Burti,BUR,BRA
2001,Michael Schumacher,MSC,GER
2001,David Coulthard,COU,GBR
2001,Rubens Barrichello,BAR,BRA
2001,Ralf Schumacher,RSC,GER
2001,Mika Hakkinen,HAK,FIN
2001,Juan Pablo Montoya,MOY,COL
2001,Jacques Villeneuve,VIL,CAN
2001,Nick Heidfeld,HEI,GER
2001,Jarno Trulli,TRU,ITA
2001,Kimi Räikkönen,RAI,FIN
2001,Giancarlo Fisichella,FIS,ITA
2001,Eddie Irvine,IRV,GBR
2001,Heinz-Harald Frentzen,FRE,GER
2001,Olivier Panis,PAN,FRA
2001,Jean Alesi,ALE,FRA
2001,Pedro de la Rosa,DLR,ESP
2001,Jenson Button,BUT,GBR
2001,Jos Verstappen,VER,NED
2002,Michael Schumacher,MSC,GER
2002,Rubens Barrichello,BAR,BRA
2002,Juan Pablo Montoya,MOY,COL
2002,Ralf Schumacher,RSC,GER
2002,David Coulthard,COU,GBR
2002,Kimi Räikkönen,RAI,FIN
2002,Jenson Button,BUT,GBR
2002,Jarno Trulli,TRU,ITA
2002,Eddie Irvine,IRV,GBR
2002,Nick Heidfeld,HEI,GER
2002,Giancarlo Fisichella,FIS,ITA
2002,Jacques Villeneuve,VIL,CAN
2002,Felipe Massa,MAS,BRA
2002,Olivier Panis,PAN,FRA
2002,Takuma Sato,SAT,JPN
2002,Mark Webber,WEB,AUS
2002,Mika Salo,SAL,FIN
2002,Heinz-Harald Frentzen,FRE,GER
2002,Allan McNish,MCN,GBR
2002,Alex Yoong,YOO,MAS
2002,Pedro de la Rosa,DLR,ESP
2002,Enrique Bernoldi,BER,BRA
2003,Michael Schumacher,MSC,GER
2003,Kimi Räikkönen,RAI,FIN
2003,Juan Pablo Montoya,MOY,COL
2003,Rubens Barrichello,BAR,BRA
2003,Ralf Schumacher,RSC,GER
2003,Fernando Alonso,ALO,ESP
2003,David Coulthard,COU,GBR
2003,Jarno Trulli,TRU,ITA
2003,Jenson Button,BUT,GBR
2003,Mark Webber,WEB,AUS
2003,Heinz-Harald Frentzen,FRE,GER
2003,Giancarlo Fisichella,FIS,ITA
2003,Cristiano da Matta,DAM,BRA
2003,Nick Heidfeld,HEI,GER
2003,Olivier Panis,PAN,FRA
2003,Jacques Villeneuve,VIL,CAN
2003,Marc Gene,GEN,ESP
2003,Takuma Sato,SAT,JPN
2003,Ralph Firman,FIR,IRL
2003,Justin Wilson,WIL,GBR
2003,Antonio Pizzonia,PIZ,BRA
2003,Jos Verstappen,VER,NED
2003,Nicolas Kiesa,KIE,DEN
2003,Zsolt Baumgartner,BAU,HUN
2004,Michael Schumacher,MSC,GER
2004,Rubens Barrichello,BAR,BRA
2004,Jenson Button,BUT,GBR
2004,Fernando Alonso,ALO,ESP
2004,Juan Pablo Montoya,MOY,COL
2004,Jarno Trulli,TRU,ITA
2004,Kimi Räikkönen,RAI,FIN
2004,Takuma Sato,SAT,JPN
2004,Ralf Schumacher,RSC,GER
2004,David Coulthard,COU,GBR
2004,Giancarlo Fisichella,FIS,ITA
2004,Felipe Massa,MAS,BRA
2004,Mark Webber,WEB,AUS
2004,Olivier Panis,PAN,FRA
2004,Antonio Pizzonia,PIZ,BRA
2004,Christian Klien,KLI,AUT
2004,Cristiano da Matta,DAM,BRA
2004,Nick Heidfeld,HEI,GER
2004,Timo Glock,GLO,GER
2004,Zsolt Baumgartner,BAU,HUN
2004,Jacques Villeneuve,VIL,CAN
2004,Ricardo Zonta,ZON,BRA
2004,Marc Gene,GEN,ESP
2004,Giorgio Pantano,PAN,ITA
2004,Gianmaria Bruni,BRU,ITA
2005,Fernando Alonso,ALO,ESP
2005,Kimi Räikkönen,RAI,FIN
2005,Michael Schumacher,MSC,GER
2005,Juan Pablo Montoya,MOY,COL
2005,Giancarlo Fisichella,FIS,ITA
2005,Ralf Schumacher,RSC,GER
2005,Jarno Trulli,TRU,ITA
2005,Rubens Barrichello,BAR,BRA
2005,Jenson Button,BUT,GBR
2005,Mark Webber,WEB,AUS
2005,Nick Heidfeld,HEI,GER
2005,David Coulthard,COU,GBR
2005,Felipe Massa,MAS,BRA
2005,Jacques Villeneuve,VIL,CAN
2005,Christian Klien,KLI,AUT
2005,Tiago Monteiro,MON,POR
2005,Alexander Wurz,WUR,AUT
2005,Narain Karthikeyan,KAR,IND
2005,Christijan Albers,ALB,NED
2005,Pedro de la Rosa,DLR,ESP
2005,Patrick Friesacher,FRI,AUT
2005,Antonio Pizzonia,PIZ,BRA
2005,Takuma Sato,SAT,JPN
2005,Vitantonio Liuzzi,LIU,ITA
2005,Robert Doornbos,DOO,MON
2006,Fernando Alonso,ALO,ESP
2006,Michael Schumacher,MSC,GER
2006,Felipe Massa,MAS,BRA
2006,Giancarlo Fisichella,FIS,ITA
2006,Kimi Räikkönen,RAI,FIN
2006,Jenson Button,BUT,GBR
2006,Rubens Barrichello,BAR,BRA
2006,Juan Pablo Montoya,MOY,COL
2006,Nick Heidfeld,HEI,GER
2006,Ralf Schumacher,RSC,GER
2006,Pedro de la Rosa,DLR,ESP
2006,Jarno Trulli,TRU,ITA
2006,David Coulthard,COU,GBR
2006,Mark Webber,WEB,AUS
2006,Jacques Villeneuve,VIL,CAN
2006,Robert Kubica,KUB,POL
2006,Nico Rosberg,ROS,GER
2006,Christian Klien,KLI,AUT
2006,Vitantonio Liuzzi,LIU,ITA
2006,Scott Speed,SPE,USA
2006,Tiago Monteiro,MON,POR
2006,Christijan Albers,ALB,NED
2006,Takuma Sato,SAT,JPN
2006,Robert Doornbos,DOO,NED
2006,Yuji Ide,IDE,JPN
2006,Sakon Yamamoto,YAM,JPN
2006,Franck Montagny,MON,FRA
2007,Kimi Räikkönen,RAI,FIN
2007,Lewis Hamilton,HAM,GBR
2007,Fernando Alonso,ALO,ESP
2007,Felipe Massa,MAS,BRA
2007,Nick Heidfeld,HEI,GER
2007,Robert Kubica,KUB,POL
2007,Heikki Kovalainen,KOV,FIN
2007,Giancarlo Fisichella,FIS,ITA
2007,Nico Rosberg,ROS,GER
2007,David Coulthard,COU,GBR
2007,Alexander Wurz,WUR,AUT
2007,Mark Webber,WEB,AUS
2007,Jarno Trulli,TRU,ITA
2007,Sebastian Vettel,VET,GER
2007,Jenson Button,BUT,GBR
2007,Ralf Schumacher,RSC,GER
2007,Takuma Sato,SAT,JPN
2007,Vitantonio Liuzzi,LIU,ITA
2007,Adrian Sutil,SUT,GER
2007,Rubens Barrichello,BAR,BRA
2007,Scott Speed,SPE,USA
2007,Kazuki Nakajima,NAK,JPN
2007,Anthony Davidson,DAV,GBR
2007,Sakon Yamamoto,YAM,JPN
2007,Christijan Albers,ALB,NED
2008,Lewis Hamilton,HAM,GBR
2008,Felipe Massa,MAS,BRA
2008,Kimi Räikkönen,RAI,FIN
2008,Robert Kubica,KUB,POL
2008,Fernando Alonso,ALO,ESP
2008,Nick Heidfeld,HEI,GER
2008,Heikki Kovalainen,KOV,FIN
2008,Sebastian Vettel,VET,GER
2008,Jarno Trulli,TRU,ITA
2008,Timo Glock,GLO,GER
2008,Mark Webber,WEB,AUS
2008,Nelson Piquet,PIQ,BRA
2008,Nico Rosberg,ROS,GER
2008,Rubens Barrichello,BAR,BRA
2008,Kazuki Nakajima,NAK,JPN
2008,David Coulthard,COU,GBR
2008,Sebastien Bourdais,BOU,FRA
2008,Jenson Button,BUT,GBR
2008,Giancarlo Fisichella,FIS,ITA
2008,Adrian Sutil,SUT,GER
2008,Takuma Sato,SAT,JPN
2008,Anthony Davidson,DAV,GBR
2009,Jenson Button,BUT,GBR
2009,Sebastian Vettel,VET,GER
2009,Rubens Barrichello,BAR,BRA
2009,Mark Webber,WEB,AUS
2009,Lewis Hamilton,HAM,GBR
2009,Kimi Räikkönen,RAI,FIN
2009,Nico Rosberg,ROS,GER
2009,Jarno Trulli,TRU,ITA
2009,Fernando Alonso,ALO,ESP
2009,Timo Glock,GLO,GER
2009,Felipe Massa,MAS,BRA
2009,Heikki Kovalainen,KOV,FIN
2009,Nick Heidfeld,HEI,GER
2009,Robert Kubica,KUB,POL
2009,Giancarlo Fisichella,FIS,ITA
2009,Sebastien Buemi,BUE,SUI
2009,Adrian Sutil,SUT,GER
2009,Kamui Kobayashi,KOB,JPN
2009,Sebastien Bourdais,BOU,FRA
2009,Kazuki Nakajima,NAK,JPN
2009,Nelson Piquet,PIQ,BRA
2009,Vitantonio Liuzzi,LIU,ITA
2009,Romain Grosjean,GRO,FRA
2009,Jaime Alguersuari,ALG,ESP
2009,Luca Badoer,BAD,ITA
2010,Sebastian Vettel,VET,GER
2010,Fernando Alonso,ALO,ESP
2010,Mark Webber,WEB,AUS
2010,Lewis Hamilton,HAM,GBR
2010,Jenson Button,BUT,GBR
2010,Felipe Massa,MAS,BRA
2010,Nico Rosberg,ROS,GER
2010,Robert Kubica,KUB,POL
2010,Michael Schumacher,MSC,GER
2010,Rubens Barrichello,BAR,BRA
2010,Adrian Sutil,SUT,GER
2010,Kamui Kobayashi,KOB,JPN
2010,Vitaly Petrov,PET,RUS
2010,Nico Hulkenberg,HUL,GER
2010,Vitantonio Liuzzi,LIU,ITA
2010,Sebastien Buemi,BUE,SUI
2010,Pedro de la Rosa,DLR,ESP
2010,Nick Heidfeld,HEI,GER
2010,Jaime Alguersuari,ALG,ESP
2010,Heikki Kovalainen,KOV,FIN
2010,Jarno Trulli,TRU,ITA
2010,Karun Chandhok,CHD,IND
2010,Bruno Senna,SEN,BRA
2010,Lucas di Grassi,DIG,BRA
2010,Timo Glock,GLO,GER
2010,Sakon Yamamoto,YAM,JPN
2010,Christian Klien,KLI,AUT
2011,Sebastian Vettel,VET,GER
2011,Jenson Button,BUT,GBR
2011,Mark Webber,WEB,AUS
2011,Fernando Alonso,ALO,ESP
2011,Lewis Hamilton,HAM,GBR
2011,Felipe Massa,MAS,BRA
2011,Nico Rosberg,ROS,GER
2011,Michael Schumacher,MSC,GER
2011,Adrian Sutil,SUT,GER
2011,Vitaly Petrov,PET,RUS
2011,Nick Heidfeld,HEI,GER
2011,Kamui Kobayashi,KOB,JPN
2011,Paul di Resta,DIR,GBR
2011,Jaime Alguersuari,ALG,ESP
2011,Sebastien Buemi,BUE,SUI
2011,Sergio Perez,PER,MEX
2011,Rubens Barrichello,BAR,BRA
2011,Bruno Senna,SEN,BRA
2011,Pastor Maldonado,MAL,VEN
2011,Pedro de la Rosa,DLR,ESP
2011,Jarno Trulli,TRU,ITA
2011,Heikki Kovalainen,KOV,FIN
2011,Vitantonio Liuzzi,LIU,ITA
2011,Jerome d'Ambrosio,DAM,BEL
2011,Timo Glock,GLO,GER
2011,Narain Karthikeyan,KAR,IND
2011,Daniel Ricciardo,RIC,AUS
2011,Karun Chandhok,CHD,IND
2012,Sebastian Vettel,VET,GER
2012,Fernando Alonso,ALO,ESP
2012,Kimi Räikkönen,RAI,FIN
2012,Lewis Hamilton,HAM,GBR
2012,Jenson Button,BUT,GBR
2012,Mark Webber,WEB,AUS
2012,Felipe Massa,MAS,BRA
2012,Romain Grosjean,GRO,FRA
2012,Nico Rosberg,ROS,GER
2012,Sergio Perez,PER,MEX
2012,Nico Hulkenberg,HUL,GER
2012,Kamui Kobayashi,KOB,JPN
2012,Michael Schumacher,MSC,GER
2012,Paul di Resta,DIR,GBR
2012,Pastor Maldonado,MAL,VEN
2012,Bruno Senna,SEN,BRA
2012,Jean-Eric Vergne,VER,FRA
2012,Daniel Ricciardo,RIC,AUS
2012,Vitaly Petrov,PET,RUS
2012,Timo Glock,GLO,GER
2012,Charles Pic,PIC,FRA
2012,Heikki Kovalainen,KOV,FIN
2012,Jerome d'Ambrosio,DAM,BEL
2012,Narain Karthikeyan,KAR,IND
2012,Pedro de la Rosa,DLR,ESP
2013,Sebastian Vettel,VET,GER
2013,Fernando Alonso,ALO,ESP
2013,Mark Webber,WEB,AUS
2013,Lewis Hamilton,HAM,GBR
2013,Kimi Räikkönen,RAI,FIN
2013,Nico Rosberg,ROS,GER
2013,Romain Grosjean,GRO,FRA
2013,Felipe Massa,MAS,BRA
2013,Jenson Button,BUT,GBR
2013,Nico Hulkenberg,HUL,GER
2013,Sergio Perez,PER,MEX
2013,Paul di Resta,DIR,GBR
2013,Adrian Sutil,SUT,GER
2013,Daniel Ricciardo,RIC,AUS
2013,Jean-Eric Vergne,VER,FRA
2013,Esteban Gutierrez,GUT,MEX
2013,Valtteri Bottas,BOT,FIN
2013,Pastor Maldonado,MAL,VEN
2013,Jules Bianchi,BIA,FRA
2013,Charles Pic,PIC,FRA
2013,Heikki Kovalainen,KOV,FIN
2013,Giedo van der Garde,VDG,NED
2013,Max Chilton,CHI,GBR
2014,Lewis Hamilton,HAM,GBR
2014,Nico Rosberg,ROS,GER
2014,Daniel Ricciardo,RIC,AUS
2014,Valtteri Bottas,BOT,FIN
2014,Sebastian Vettel,VET,GER
2014,Fernando Alonso,ALO,ESP
2014,Felipe Massa,MAS,BRA
2014,Jenson Button,BUT,GBR
2014,Nico Hulkenberg,HUL,GER
2014,Sergio Perez,PER,MEX
2014,Kevin Magnussen,MAG,DEN
2014,Kimi Räikkönen,RAI,FIN
2014,Jean-Eric Vergne,VER,FRA
2014,Romain Grosjean,GRO,FRA
2014,Daniil Kvyat,KVY,RUS
2014,Pastor Maldonado,MAL,VEN
2014,Jules Bianchi,BIA,FRA
2014,Adrian Sutil,SUT,GER
2014,Marcus Ericsson,ERI,SWE
2014,Esteban Gutierrez,GUT,MEX
2014,Max Chilton,CHI,GBR
2014,Kamui Kobayashi,KOB,JPN
2014,Will Stevens,STE,GBR
2015,Lewis Hamilton,HAM,GBR
2015,Nico Rosberg,ROS,GER
2015,Sebastian Vettel,VET,GER
2015,Kimi Räikkönen,RAI,FIN
2015,Valtteri Bottas,BOT,FIN
2015,Felipe Massa,MAS,BRA
2015,Daniil Kvyat,KVY,RUS
2015,Daniel Ricciardo,RIC,AUS
2015,Sergio Perez,PER,MEX
2015,Nico Hulkenberg,HUL,GER
2015,Romain Grosjean,GRO,FRA
2015,Max Verstappen,VER,NED
2015,Felipe Nasr,NAS,BRA
2015,Pastor Maldonado,MAL,VEN
2015,Carlos Sainz,SAI,ESP
2015,Jenson Button,BUT,GBR
2015,Fernando Alonso,ALO,ESP
2015,Marcus Ericsson,ERI,SWE
2015,Roberto Merhi,MER,ESP
2015,Alexander Rossi,RSI,USA
2015,Will Stevens,STE,GBR
2016,Nico Rosberg,ROS,GER
2016,Lewis Hamilton,HAM,GBR
2016,Daniel Ricciardo,RIC,AUS
2016,Sebastian Vettel,VET,GER
2016,Max Verstappen,VER,NED
2016,Kimi Räikkönen,RAI,FIN
2016,Sergio Perez,PER,MEX
2016,Valtteri Bottas,BOT,FIN
2016,Nico Hulkenberg,HUL,GER
2016,Fernando Alonso,ALO,ESP
2016,Felipe Massa,MAS,BRA
2016,Carlos Sainz,SAI,ESP
2016,Romain Grosjean,GRO,FRA
2016,Daniil Kvyat,KVY,RUS
2016,Jenson Button,BUT,GBR
2016,Kevin Magnussen,MAG,DEN
2016,Felipe Nasr,NAS,BRA
2016,Jolyon Palmer,PAL,GBR
2016,Pascal Wehrlein,WEH,GER
2016,Stoffel Vandoorne,VAN,BEL
2016,Esteban Gutierrez,GUT,MEX
2016,Marcus Ericsson,ERI,SWE
2016,Esteban Ocon,OCO,FRA
2016,Rio Haryanto,HAR,INA
2017,Lewis Hamilton,HAM,GBR
2017,Sebastian Vettel,VET,GER
2017,Valtteri Bottas,BOT,FIN
2017,Kimi Räikkönen,RAI,FIN
2017,Daniel Ricciardo,RIC,AUS
2017,Max Verstappen,VER,NED
2017,Sergio Perez,PER,MEX
2017,Esteban Ocon,OCO,FRA
2017,Carlos Sainz,SAI,ESP
2017,Nico Hulkenberg,HUL,GER
2017,Felipe Massa,MAS,BRA
2017,Lance Stroll,STR,CAN
2017,Romain Grosjean,GRO,FRA
2017,Kevin Magnussen,MAG,DEN
2017,Fernando Alonso,ALO,ESP
2017,Stoffel Vandoorne,VAN,BEL
2017,Jolyon Palmer,PAL,GBR
2017,Pascal Wehrlein,WEH,GER
2017,Daniil Kvyat,KVY,RUS
2017,Marcus Ericsson,ERI,SWE
2017,Pierre Gasly,GAS,FRA
2017,Antonio Giovinazzi,GIO,ITA
2017,Brendon Hartley,HAR,NZL
2018,Lewis Hamilton,HAM,GBR
2018,Sebastian Vettel,VET,GER
2018,Kimi Räikkönen,RAI,FIN
2018,Max Verstappen,VER,NED
2018,Valtteri Bottas,BOT,FIN
2018,Daniel Ricciardo,RIC,AUS
2018,Nico Hulkenberg,HUL,GER
2018,Sergio Perez,PER,MEX
2018,Kevin Magnussen,MAG,DEN
2018,Carlos Sainz,SAI,ESP
2018,Fernando Alonso,ALO,ESP
2018,Esteban Ocon,OCO,FRA
2018,Charles Leclerc,LEC,MON
2018,Romain Grosjean,GRO,FRA
2018,Pierre Gasly,GAS,FRA
2018,Stoffel Vandoorne,VAN,BEL
2018,Marcus Ericsson,ERI,SWE
2018,Lance Stroll,STR,CAN
2018,Brendon Hartley,HAR,NZL
2018,Sergey Sirotkin,SIR,RUS
2019,Lewis Hamilton,HAM,GBR
2019,Valtteri Bottas,BOT,FIN
2019,Max Verstappen,VER,NED
2019,Charles Leclerc,LEC,MON
2019,Sebastian Vettel,VET,GER
2019,Carlos Sainz,SAI,ESP
2019,Pierre Gasly,GAS,FRA
2019,Alexander Albon,ALB,THA
2019,Daniel Ricciardo,RIC,AUS
2019,Sergio Perez,PER,MEX
2019,Lando Norris,NOR,GBR
2019,Kimi Räikkönen,RAI,FIN
2019,Daniil Kvyat,KVY,RUS
2019,Nico Hulkenberg,HUL,GER
2019,Lance Stroll,STR,CAN
2019,Kevin Magnussen,MAG,DEN
2019,Antonio Giovinazzi,GIO,ITA
2019,Romain Grosjean,GRO,FRA
2019,Robert Kubica,KUB,POL
2019,George Russell,RUS,GBR
2020,Lewis Hamilton,HAM,GBR
2020,Valtteri Bottas,BOT,FIN
2020,Max Verstappen,VER,NED
2020,Sergio Perez,PER,MEX
2020,Daniel Ricciardo,RIC,AUS
2020,Carlos Sainz,SAI,ESP
2020,Alexander Albon,ALB,THA
2020,Charles Leclerc,LEC,MON
2020,Lando Norris,NOR,GBR
2020,Pierre Gasly,GAS,FRA
2020,Lance Stroll,STR,CAN
2020,Esteban Ocon,OCO,FRA
2020,Sebastian Vettel,VET,GER
2020,Daniil Kvyat,KVY,RUS
2020,Nico Hulkenberg,HUL,GER
2020,Kimi Räikkönen,RAI,FIN
2020,Antonio Giovinazzi,GIO,ITA
2020,George Russell,RUS,GBR
2020,Romain Grosjean,GRO,FRA
2020,Kevin Magnussen,MAG,DEN
2020,Nicholas Latifi,LAT,CAN
2020,Jack Aitken,AIT,GBR
2020,Pietro Fittipaldi,FIT,BRA
2021,Max Verstappen,VER,NED
2021,Lewis Hamilton,HAM,GBR
2021,Valtteri Bottas,BOT,FIN
2021,Sergio Perez,PER,MEX
2021,Carlos Sainz,SAI,ESP
2021,Lando Norris,NOR,GBR
2021,Charles Leclerc,LEC,MON
2021,Daniel Ricciardo,RIC,AUS
2021,Pierre Gasly,GAS,FRA
2021,Fernando Alonso,ALO,ESP
2021,Esteban Ocon,OCO,FRA
2021,Sebastian Vettel,VET,GER
2021,Lance Stroll,STR,CAN
2021,Yuki Tsunoda,TSU,JPN
2021,George Russell,RUS,GBR
2021,Kimi Räikkönen,RAI,FIN
2021,Nicholas Latifi,LAT,CAN
2021,Antonio Giovinazzi,GIO,ITA
2021,Mick Schumacher,MSC,GER
2021,Robert Kubica,KUB,POL
2021,Nikita Mazepin,MAZ,RAF
2022,Max Verstappen,VER,NED
2022,Charles Leclerc,LEC,MON
2022,Sergio Perez,PER,MEX
2022,George Russell,RUS,GBR
2022,Carlos Sainz,SAI,ESP
2022,Lewis Hamilton,HAM,GBR
2022,Lando Norris,NOR,GBR
2022,Esteban Ocon,OCO,FRA
2022,Fernando Alonso,ALO,ESP
2022,Valtteri Bottas,BOT,FIN
2022,Daniel Ricciardo,RIC,AUS
2022,Sebastian Vettel,VET,GER
2022,Kevin Magnussen,MAG,DEN
2022,Pierre Gasly,GAS,FRA
2022,Lance Stroll,STR,CAN
2022,Mick Schumacher,MSC,GER
2022,Yuki Tsunoda,TSU,JPN
2022,Zhou Guanyu,ZHO,CHN
2022,Alexander Albon,ALB,THA
2022,Nicholas Latifi,LAT,CAN
2022,Nyck De Vries,DEV,NED
2022,Nico Hulkenberg,HUL,GER
2023,Max Verstappen,VER,NED
2023,Sergio Perez,PER,MEX
2023,Lewis Hamilton,HAM,GBR
2023,Fernando Alonso,ALO,ESP
2023,Charles Leclerc,LEC,MON
2023,Lando Norris,NOR,GBR
2023,Carlos Sainz,SAI,ESP
2023,George Russell,RUS,GBR
2023,Oscar Piastri,PIA,AUS
2023,Lance Stroll,STR,CAN
2023,Pierre Gasly,GAS,FRA
2023,Esteban Ocon,OCO,FRA
2023,Alexander Albon,ALB,THA
2023,Yuki Tsunoda,TSU,JPN
2023,Valtteri Bottas,BOT,FIN
2023,Nico Hulkenberg,HUL,GER
2023,Daniel Ricciardo,RIC,AUS
2023,Zhou Guanyu,ZHO,CHN
2023,Kevin Magnussen,MAG,DEN
2023,Liam Lawson,LAW,NZL
2023,Logan Sargeant,SAR,USA
2023,Nyck De Vries,DEV,NED
2024,Max Verstappen,VER,NED
2024,Lando Norris,NOR,GBR
2024,Charles Leclerc,LEC,MON
2024,Oscar Piastri,PIA,AUS
2024,Carlos Sainz,SAI,ESP
2024,George Russell,RUS,GBR
2024,Lewis Hamilton,HAM,GBR
2024,Sergio Perez,PER,MEX
2024,Fernando Alonso,ALO,ESP
2024,Pierre Gasly,GAS,FRA
2024,Nico Hulkenberg,HUL,GER
2024,Yuki Tsunoda,TSU,JPN
2024,Lance Stroll,STR,CAN
2024,Esteban Ocon,OCO,FRA
2024,Kevin Magnussen,MAG,DEN
2024,Alexander Albon,ALB,THA
2024,Daniel Ricciardo,RIC,AUS
2024,Oliver Bearman,BEA,GBR
2024,Franco Colapinto,COL,ARG
2024,Zhou Guanyu,ZHO,CHN
2024,Liam Lawson,LAW,NZL
2024,Valtteri Bottas,BOT,FIN
2024,Logan Sargeant,SAR,USA
2024,Jack Doohan,DOO,AUS
